cycle,hit_valid,hit_bin,drain_ready,drain_valid,drain_bin,drain_count,occupancy,occupancy_max,overflow_count
0,1,10,1,0,0,0,1,1,0
1,1,10,1,0,0,0,1,1,0
2,1,10,1,1,10,2,1,1,0
3,1,10,1,0,10,1,1,1,0
4,1,10,1,1,10,2,1,1,0
5,1,10,1,0,10,1,1,1,0
6,1,10,1,1,10,2,1,1,0
7,1,10,1,0,10,1,1,1,0
8,1,10,1,1,10,2,1,1,0
9,1,10,1,0,10,1,1,1,0
10,1,10,1,1,10,2,1,1,0
11,1,10,1,0,10,1,1,1,0
12,1,10,1,1,10,2,1,1,0
13,1,10,1,0,10,1,1,1,0
14,1,10,1,1,10,2,1,1,0
15,1,10,1,0,10,1,1,1,0
16,1,10,1,1,10,2,1,1,0
17,1,10,1,0,10,1,1,1,0
18,1,10,1,1,10,2,1,1,0
19,1,10,1,0,10,1,1,1,0
20,0,0,1,1,10,2,0,1,0
21,0,0,1,0,10,0,0,1,0
22,0,0,1,0,10,0,0,1,0
23,0,0,1,0,10,0,0,1,0
24,0,0,1,0,10,0,0,1,0
25,0,0,1,0,10,0,0,1,0
26,0,0,1,0,10,0,0,1,0
27,0,0,1,0,10,0,0,1,0
28,0,0,1,0,10,0,0,1,0
29,0,0,1,0,10,0,0,1,0
30,0,0,1,0,10,0,0,1,0
31,0,0,1,0,10,0,0,1,0
32,0,0,1,0,10,0,0,1,0
33,0,0,1,0,10,0,0,1,0
34,0,0,1,0,10,0,0,1,0
35,0,0,1,0,10,0,0,1,0
36,0,0,1,0,10,0,0,1,0
37,0,0,1,0,10,0,0,1,0
38,0,0,1,0,10,0,0,1,0
39,0,0,1,0,10,0,0,1,0
40,0,0,1,0,10,0,0,1,0
41,0,0,1,0,10,0,0,1,0
42,0,0,1,0,10,0,0,1,0
43,0,0,1,0,10,0,0,1,0
44,0,0,1,0,10,0,0,1,0
45,0,0,1,0,10,0,0,1,0
46,0,0,1,0,10,0,0,1,0
47,0,0,1,0,10,0,0,1,0
48,0,0,1,0,10,0,0,1,0
49,0,0,1,0,10,0,0,1,0
50,0,0,1,0,10,0,0,1,0
51,0,0,1,0,10,0,0,1,0
52,0,0,1,0,10,0,0,1,0
53,0,0,1,0,10,0,0,1,0
54,0,0,1,0,10,0,0,1,0
55,0,0,1,0,10,0,0,1,0
56,0,0,1,0,10,0,0,1,0
57,0,0,1,0,10,0,0,1,0
58,0,0,1,0,10,0,0,1,0
59,0,0,1,0,10,0,0,1,0
60,0,0,1,0,10,0,0,1,0
61,0,0,1,0,10,0,0,1,0
62,0,0,1,0,10,0,0,1,0
63,0,0,1,0,10,0,0,1,0
64,0,0,1,0,10,0,0,1,0
65,0,0,1,0,10,0,0,1,0
66,0,0,1,0,10,0,0,1,0
67,0,0,1,0,10,0,0,1,0
68,0,0,1,0,10,0,0,1,0
69,0,0,1,0,10,0,0,1,0
70,1,0,0,0,10,0,1,1,0
71,1,1,0,0,10,0,2,2,0
72,1,2,0,0,0,1,3,3,0
73,1,3,0,0,0,1,4,4,0
74,1,4,0,0,0,1,5,5,0
75,1,5,0,0,0,1,6,6,0
76,1,6,0,0,0,1,7,7,0
77,1,7,0,0,0,1,8,8,0
78,1,8,0,0,0,1,9,9,0
79,1,9,0,0,0,1,10,10,0
80,1,10,0,0,0,1,11,11,0
81,1,11,0,0,0,1,12,12,0
82,1,12,0,0,0,1,13,13,0
83,1,13,0,0,0,1,14,14,0
84,1,14,0,0,0,1,15,15,0
85,1,15,0,0,0,1,16,16,0
86,1,16,0,0,0,1,17,17,0
87,1,17,0,0,0,1,18,18,0
88,1,18,0,0,0,1,19,19,0
89,1,19,0,0,0,1,20,20,0
90,1,20,0,0,0,1,21,21,0
91,1,21,0,0,0,1,22,22,0
92,1,22,0,0,0,1,23,23,0
93,1,23,0,0,0,1,24,24,0
94,1,24,0,0,0,1,25,25,0
95,1,25,0,0,0,1,26,26,0
96,1,26,0,0,0,1,27,27,0
97,1,27,0,0,0,1,28,28,0
98,1,28,0,0,0,1,29,29,0
99,1,29,0,0,0,1,30,30,0
100,1,30,0,0,0,1,31,31,0
101,1,31,0,0,0,1,32,32,0
102,1,32,0,0,0,1,33,33,0
103,1,33,0,0,0,1,34,34,0
104,1,34,0,0,0,1,35,35,0
105,1,35,0,0,0,1,36,36,0
106,1,36,0,0,0,1,37,37,0
107,1,37,0,0,0,1,38,38,0
108,1,38,0,0,0,1,39,39,0
109,1,39,0,0,0,1,40,40,0
110,1,40,0,0,0,1,41,41,0
111,1,41,0,0,0,1,42,42,0
112,1,42,0,0,0,1,43,43,0
113,1,43,0,0,0,1,44,44,0
114,1,44,0,0,0,1,45,45,0
115,1,45,0,0,0,1,46,46,0
116,1,46,0,0,0,1,47,47,0
117,1,47,0,0,0,1,48,48,0
118,1,48,0,0,0,1,49,49,0
119,1,49,0,0,0,1,50,50,0
120,1,50,0,0,0,1,51,51,0
121,1,51,0,0,0,1,52,52,0
122,1,52,0,0,0,1,53,53,0
123,1,53,0,0,0,1,54,54,0
124,1,54,0,0,0,1,55,55,0
125,1,55,0,0,0,1,56,56,0
126,1,56,0,0,0,1,57,57,0
127,1,57,0,0,0,1,58,58,0
128,1,58,0,0,0,1,59,59,0
129,1,59,0,0,0,1,60,60,0
130,1,60,0,0,0,1,61,61,0
131,1,61,0,0,0,1,62,62,0
132,1,62,0,0,0,1,63,63,0
133,1,63,0,0,0,1,64,64,0
134,1,64,0,0,0,1,65,65,0
135,1,65,0,0,0,1,66,66,0
136,1,66,0,0,0,1,67,67,0
137,1,67,0,0,0,1,68,68,0
138,1,68,0,0,0,1,69,69,0
139,1,69,0,0,0,1,70,70,0
140,1,70,0,0,0,1,71,71,0
141,1,71,0,0,0,1,72,72,0
142,1,72,0,0,0,1,73,73,0
143,1,73,0,0,0,1,74,74,0
144,1,74,0,0,0,1,75,75,0
145,1,75,0,0,0,1,76,76,0
146,1,76,0,0,0,1,77,77,0
147,1,77,0,0,0,1,78,78,0
148,1,78,0,0,0,1,79,79,0
149,1,79,0,0,0,1,80,80,0
150,1,80,0,0,0,1,81,81,0
151,1,81,0,0,0,1,82,82,0
152,1,82,0,0,0,1,83,83,0
153,1,83,0,0,0,1,84,84,0
154,1,84,0,0,0,1,85,85,0
155,1,85,0,0,0,1,86,86,0
156,1,86,0,0,0,1,87,87,0
157,1,87,0,0,0,1,88,88,0
158,1,88,0,0,0,1,89,89,0
159,1,89,0,0,0,1,90,90,0
160,1,90,0,0,0,1,91,91,0
161,1,91,0,0,0,1,92,92,0
162,1,92,0,0,0,1,93,93,0
163,1,93,0,0,0,1,94,94,0
164,1,94,0,0,0,1,95,95,0
165,1,95,0,0,0,1,96,96,0
166,1,96,0,0,0,1,97,97,0
167,1,97,0,0,0,1,98,98,0
168,1,98,0,0,0,1,99,99,0
169,1,99,0,0,0,1,100,100,0
170,1,100,0,0,0,1,101,101,0
171,1,101,0,0,0,1,102,102,0
172,1,102,0,0,0,1,103,103,0
173,1,103,0,0,0,1,104,104,0
174,1,104,0,0,0,1,105,105,0
175,1,105,0,0,0,1,106,106,0
176,1,106,0,0,0,1,107,107,0
177,1,107,0,0,0,1,108,108,0
178,1,108,0,0,0,1,109,109,0
179,1,109,0,0,0,1,110,110,0
180,1,110,0,0,0,1,111,111,0
181,1,111,0,0,0,1,112,112,0
182,1,112,0,0,0,1,113,113,0
183,1,113,0,0,0,1,114,114,0
184,1,114,0,0,0,1,115,115,0
185,1,115,0,0,0,1,116,116,0
186,1,116,0,0,0,1,117,117,0
187,1,117,0,0,0,1,118,118,0
188,1,118,0,0,0,1,119,119,0
189,1,119,0,0,0,1,120,120,0
190,1,120,0,0,0,1,121,121,0
191,1,121,0,0,0,1,122,122,0
192,1,122,0,0,0,1,123,123,0
193,1,123,0,0,0,1,124,124,0
194,1,124,0,0,0,1,125,125,0
195,1,125,0,0,0,1,126,126,0
196,1,126,0,0,0,1,127,127,0
197,1,127,0,0,0,1,128,128,0
198,1,128,0,0,0,1,129,129,0
199,1,129,0,0,0,1,130,130,0
200,1,130,0,0,0,1,131,131,0
201,1,131,0,0,0,1,132,132,0
202,1,132,0,0,0,1,133,133,0
203,1,133,0,0,0,1,134,134,0
204,1,134,0,0,0,1,135,135,0
205,1,135,0,0,0,1,136,136,0
206,1,136,0,0,0,1,137,137,0
207,1,137,0,0,0,1,138,138,0
208,1,138,0,0,0,1,139,139,0
209,1,139,0,0,0,1,140,140,0
210,1,140,0,0,0,1,141,141,0
211,1,141,0,0,0,1,142,142,0
212,1,142,0,0,0,1,143,143,0
213,1,143,0,0,0,1,144,144,0
214,1,144,0,0,0,1,145,145,0
215,1,145,0,0,0,1,146,146,0
216,1,146,0,0,0,1,147,147,0
217,1,147,0,0,0,1,148,148,0
218,1,148,0,0,0,1,149,149,0
219,1,149,0,0,0,1,150,150,0
220,1,150,0,0,0,1,151,151,0
221,1,151,0,0,0,1,152,152,0
222,1,152,0,0,0,1,153,153,0
223,1,153,0,0,0,1,154,154,0
224,1,154,0,0,0,1,155,155,0
225,1,155,0,0,0,1,156,156,0
226,1,156,0,0,0,1,157,157,0
227,1,157,0,0,0,1,158,158,0
228,1,158,0,0,0,1,159,159,0
229,1,159,0,0,0,1,160,160,0
230,1,160,0,0,0,1,161,161,0
231,1,161,0,0,0,1,162,162,0
232,1,162,0,0,0,1,163,163,0
233,1,163,0,0,0,1,164,164,0
234,1,164,0,0,0,1,165,165,0
235,1,165,0,0,0,1,166,166,0
236,1,166,0,0,0,1,167,167,0
237,1,167,0,0,0,1,168,168,0
238,1,168,0,0,0,1,169,169,0
239,1,169,0,0,0,1,170,170,0
240,1,170,0,0,0,1,171,171,0
241,1,171,0,0,0,1,172,172,0
242,1,172,0,0,0,1,173,173,0
243,1,173,0,0,0,1,174,174,0
244,1,174,0,0,0,1,175,175,0
245,1,175,0,0,0,1,176,176,0
246,1,176,0,0,0,1,177,177,0
247,1,177,0,0,0,1,178,178,0
248,1,178,0,0,0,1,179,179,0
249,1,179,0,0,0,1,180,180,0
250,1,180,0,0,0,1,181,181,0
251,1,181,0,0,0,1,182,182,0
252,1,182,0,0,0,1,183,183,0
253,1,183,0,0,0,1,184,184,0
254,1,184,0,0,0,1,185,185,0
255,1,185,0,0,0,1,186,186,0
256,1,186,0,0,0,1,187,187,0
257,1,187,0,0,0,1,188,188,0
258,1,188,0,0,0,1,189,189,0
259,1,189,0,0,0,1,190,190,0
260,1,190,0,0,0,1,191,191,0
261,1,191,0,0,0,1,192,192,0
262,1,192,0,0,0,1,193,193,0
263,1,193,0,0,0,1,194,194,0
264,1,194,0,0,0,1,195,195,0
265,1,195,0,0,0,1,196,196,0
266,1,196,0,0,0,1,197,197,0
267,1,197,0,0,0,1,198,198,0
268,1,198,0,0,0,1,199,199,0
269,1,199,0,0,0,1,200,200,0
270,0,0,1,1,0,1,199,200,0
271,0,0,1,1,1,1,198,200,0
272,0,0,1,1,2,1,197,200,0
273,0,0,1,1,3,1,196,200,0
274,0,0,1,1,4,1,195,200,0
275,0,0,1,1,5,1,194,200,0
276,0,0,1,1,6,1,193,200,0
277,0,0,1,1,7,1,192,200,0
278,0,0,1,1,8,1,191,200,0
279,0,0,1,1,9,1,190,200,0
280,0,0,1,1,10,1,189,200,0
281,0,0,1,1,11,1,188,200,0
282,0,0,1,1,12,1,187,200,0
283,0,0,1,1,13,1,186,200,0
284,0,0,1,1,14,1,185,200,0
285,0,0,1,1,15,1,184,200,0
286,0,0,1,1,16,1,183,200,0
287,0,0,1,1,17,1,182,200,0
288,0,0,1,1,18,1,181,200,0
289,0,0,1,1,19,1,180,200,0
290,0,0,1,1,20,1,179,200,0
291,0,0,1,1,21,1,178,200,0
292,0,0,1,1,22,1,177,200,0
293,0,0,1,1,23,1,176,200,0
294,0,0,1,1,24,1,175,200,0
295,0,0,1,1,25,1,174,200,0
296,0,0,1,1,26,1,173,200,0
297,0,0,1,1,27,1,172,200,0
298,0,0,1,1,28,1,171,200,0
299,0,0,1,1,29,1,170,200,0
300,0,0,1,1,30,1,169,200,0
301,0,0,1,1,31,1,168,200,0
302,0,0,1,1,32,1,167,200,0
303,0,0,1,1,33,1,166,200,0
304,0,0,1,1,34,1,165,200,0
305,0,0,1,1,35,1,164,200,0
306,0,0,1,1,36,1,163,200,0
307,0,0,1,1,37,1,162,200,0
308,0,0,1,1,38,1,161,200,0
309,0,0,1,1,39,1,160,200,0
310,0,0,1,1,40,1,159,200,0
311,0,0,1,1,41,1,158,200,0
312,0,0,1,1,42,1,157,200,0
313,0,0,1,1,43,1,156,200,0
314,0,0,1,1,44,1,155,200,0
315,0,0,1,1,45,1,154,200,0
316,0,0,1,1,46,1,153,200,0
317,0,0,1,1,47,1,152,200,0
318,0,0,1,1,48,1,151,200,0
319,0,0,1,1,49,1,150,200,0
320,0,0,1,1,50,1,149,200,0
321,0,0,1,1,51,1,148,200,0
322,0,0,1,1,52,1,147,200,0
323,0,0,1,1,53,1,146,200,0
324,0,0,1,1,54,1,145,200,0
325,0,0,1,1,55,1,144,200,0
326,0,0,1,1,56,1,143,200,0
327,0,0,1,1,57,1,142,200,0
328,0,0,1,1,58,1,141,200,0
329,0,0,1,1,59,1,140,200,0
330,0,0,1,1,60,1,139,200,0
331,0,0,1,1,61,1,138,200,0
332,0,0,1,1,62,1,137,200,0
333,0,0,1,1,63,1,136,200,0
334,0,0,1,1,64,1,135,200,0
335,0,0,1,1,65,1,134,200,0
336,0,0,1,1,66,1,133,200,0
337,0,0,1,1,67,1,132,200,0
338,0,0,1,1,68,1,131,200,0
339,0,0,1,1,69,1,130,200,0
340,0,0,1,1,70,1,129,200,0
341,0,0,1,1,71,1,128,200,0
342,0,0,1,1,72,1,127,200,0
343,0,0,1,1,73,1,126,200,0
344,0,0,1,1,74,1,125,200,0
345,0,0,1,1,75,1,124,200,0
346,0,0,1,1,76,1,123,200,0
347,0,0,1,1,77,1,122,200,0
348,0,0,1,1,78,1,121,200,0
349,0,0,1,1,79,1,120,200,0
350,0,0,1,1,80,1,119,200,0
351,0,0,1,1,81,1,118,200,0
352,0,0,1,1,82,1,117,200,0
353,0,0,1,1,83,1,116,200,0
354,0,0,1,1,84,1,115,200,0
355,0,0,1,1,85,1,114,200,0
356,0,0,1,1,86,1,113,200,0
357,0,0,1,1,87,1,112,200,0
358,0,0,1,1,88,1,111,200,0
359,0,0,1,1,89,1,110,200,0
360,0,0,1,1,90,1,109,200,0
361,0,0,1,1,91,1,108,200,0
362,0,0,1,1,92,1,107,200,0
363,0,0,1,1,93,1,106,200,0
364,0,0,1,1,94,1,105,200,0
365,0,0,1,1,95,1,104,200,0
366,0,0,1,1,96,1,103,200,0
367,0,0,1,1,97,1,102,200,0
368,0,0,1,1,98,1,101,200,0
369,0,0,1,1,99,1,100,200,0
370,0,0,1,1,100,1,99,200,0
371,0,0,1,1,101,1,98,200,0
372,0,0,1,1,102,1,97,200,0
373,0,0,1,1,103,1,96,200,0
374,0,0,1,1,104,1,95,200,0
375,0,0,1,1,105,1,94,200,0
376,0,0,1,1,106,1,93,200,0
377,0,0,1,1,107,1,92,200,0
378,0,0,1,1,108,1,91,200,0
379,0,0,1,1,109,1,90,200,0
380,0,0,1,1,110,1,89,200,0
381,0,0,1,1,111,1,88,200,0
382,0,0,1,1,112,1,87,200,0
383,0,0,1,1,113,1,86,200,0
384,0,0,1,1,114,1,85,200,0
385,0,0,1,1,115,1,84,200,0
386,0,0,1,1,116,1,83,200,0
387,0,0,1,1,117,1,82,200,0
388,0,0,1,1,118,1,81,200,0
389,0,0,1,1,119,1,80,200,0
390,0,0,1,1,120,1,79,200,0
391,0,0,1,1,121,1,78,200,0
392,0,0,1,1,122,1,77,200,0
393,0,0,1,1,123,1,76,200,0
394,0,0,1,1,124,1,75,200,0
395,0,0,1,1,125,1,74,200,0
396,0,0,1,1,126,1,73,200,0
397,0,0,1,1,127,1,72,200,0
398,0,0,1,1,128,1,71,200,0
399,0,0,1,1,129,1,70,200,0
400,0,0,1,1,130,1,69,200,0
401,0,0,1,1,131,1,68,200,0
402,0,0,1,1,132,1,67,200,0
403,0,0,1,1,133,1,66,200,0
404,0,0,1,1,134,1,65,200,0
405,0,0,1,1,135,1,64,200,0
406,0,0,1,1,136,1,63,200,0
407,0,0,1,1,137,1,62,200,0
408,0,0,1,1,138,1,61,200,0
409,0,0,1,1,139,1,60,200,0
410,0,0,1,1,140,1,59,200,0
411,0,0,1,1,141,1,58,200,0
412,0,0,1,1,142,1,57,200,0
413,0,0,1,1,143,1,56,200,0
414,0,0,1,1,144,1,55,200,0
415,0,0,1,1,145,1,54,200,0
416,0,0,1,1,146,1,53,200,0
417,0,0,1,1,147,1,52,200,0
418,0,0,1,1,148,1,51,200,0
419,0,0,1,1,149,1,50,200,0
420,0,0,1,1,150,1,49,200,0
421,0,0,1,1,151,1,48,200,0
422,0,0,1,1,152,1,47,200,0
423,0,0,1,1,153,1,46,200,0
424,0,0,1,1,154,1,45,200,0
425,0,0,1,1,155,1,44,200,0
426,0,0,1,1,156,1,43,200,0
427,0,0,1,1,157,1,42,200,0
428,0,0,1,1,158,1,41,200,0
429,0,0,1,1,159,1,40,200,0
430,0,0,1,1,160,1,39,200,0
431,0,0,1,1,161,1,38,200,0
432,0,0,1,1,162,1,37,200,0
433,0,0,1,1,163,1,36,200,0
434,0,0,1,1,164,1,35,200,0
435,0,0,1,1,165,1,34,200,0
436,0,0,1,1,166,1,33,200,0
437,0,0,1,1,167,1,32,200,0
438,0,0,1,1,168,1,31,200,0
439,0,0,1,1,169,1,30,200,0
440,0,0,1,1,170,1,29,200,0
441,0,0,1,1,171,1,28,200,0
442,0,0,1,1,172,1,27,200,0
443,0,0,1,1,173,1,26,200,0
444,0,0,1,1,174,1,25,200,0
445,0,0,1,1,175,1,24,200,0
446,0,0,1,1,176,1,23,200,0
447,0,0,1,1,177,1,22,200,0
448,0,0,1,1,178,1,21,200,0
449,0,0,1,1,179,1,20,200,0
450,0,0,1,1,180,1,19,200,0
451,0,0,1,1,181,1,18,200,0
452,0,0,1,1,182,1,17,200,0
453,0,0,1,1,183,1,16,200,0
454,0,0,1,1,184,1,15,200,0
455,0,0,1,1,185,1,14,200,0
456,0,0,1,1,186,1,13,200,0
457,0,0,1,1,187,1,12,200,0
458,0,0,1,1,188,1,11,200,0
459,0,0,1,1,189,1,10,200,0
460,0,0,1,1,190,1,9,200,0
461,0,0,1,1,191,1,8,200,0
462,0,0,1,1,192,1,7,200,0
463,0,0,1,1,193,1,6,200,0
464,0,0,1,1,194,1,5,200,0
465,0,0,1,1,195,1,4,200,0
466,0,0,1,1,196,1,3,200,0
467,0,0,1,1,197,1,2,200,0
468,0,0,1,1,198,1,1,200,0
469,0,0,1,1,199,1,0,200,0
470,0,0,1,0,199,0,0,200,0
471,0,0,1,0,199,0,0,200,0
472,0,0,1,0,199,0,0,200,0
473,0,0,1,0,199,0,0,200,0
474,0,0,1,0,199,0,0,200,0
475,0,0,1,0,199,0,0,200,0
476,0,0,1,0,199,0,0,200,0
477,0,0,1,0,199,0,0,200,0
478,0,0,1,0,199,0,0,200,0
479,0,0,1,0,199,0,0,200,0
480,0,0,1,0,199,0,0,200,0
481,0,0,1,0,199,0,0,200,0
482,0,0,1,0,199,0,0,200,0
483,0,0,1,0,199,0,0,200,0
484,0,0,1,0,199,0,0,200,0
485,0,0,1,0,199,0,0,200,0
486,0,0,1,0,199,0,0,200,0
487,0,0,1,0,199,0,0,200,0
488,0,0,1,0,199,0,0,200,0
489,0,0,1,0,199,0,0,200,0
490,0,0,1,0,199,0,0,200,0
491,0,0,1,0,199,0,0,200,0
492,0,0,1,0,199,0,0,200,0
493,0,0,1,0,199,0,0,200,0
494,0,0,1,0,199,0,0,200,0
495,0,0,1,0,199,0,0,200,0
496,0,0,1,0,199,0,0,200,0
497,0,0,1,0,199,0,0,200,0
498,0,0,1,0,199,0,0,200,0
499,0,0,1,0,199,0,0,200,0
500,0,0,1,0,199,0,0,200,0
501,0,0,1,0,199,0,0,200,0
502,0,0,1,0,199,0,0,200,0
503,0,0,1,0,199,0,0,200,0
504,0,0,1,0,199,0,0,200,0
505,0,0,1,0,199,0,0,200,0
506,0,0,1,0,199,0,0,200,0
507,0,0,1,0,199,0,0,200,0
508,0,0,1,0,199,0,0,200,0
509,0,0,1,0,199,0,0,200,0
510,0,0,1,0,199,0,0,200,0
511,0,0,1,0,199,0,0,200,0
512,0,0,1,0,199,0,0,200,0
513,0,0,1,0,199,0,0,200,0
514,0,0,1,0,199,0,0,200,0
515,0,0,1,0,199,0,0,200,0
516,0,0,1,0,199,0,0,200,0
517,0,0,1,0,199,0,0,200,0
518,0,0,1,0,199,0,0,200,0
519,0,0,1,0,199,0,0,200,0
520,0,0,1,0,199,0,0,200,0
521,0,0,1,0,199,0,0,200,0
522,0,0,1,0,199,0,0,200,0
523,0,0,1,0,199,0,0,200,0
524,0,0,1,0,199,0,0,200,0
525,0,0,1,0,199,0,0,200,0
526,0,0,1,0,199,0,0,200,0
527,0,0,1,0,199,0,0,200,0
528,0,0,1,0,199,0,0,200,0
529,0,0,1,0,199,0,0,200,0
530,1,7,0,0,199,0,1,200,0
531,1,7,0,0,199,0,1,200,0
532,1,7,0,0,7,2,1,200,0
533,1,7,0,0,7,3,1,200,0
534,1,7,0,0,7,4,1,200,0
535,1,7,0,0,7,5,1,200,0
536,1,7,0,0,7,6,1,200,0
537,1,7,0,0,7,7,1,200,0
538,1,7,0,0,7,8,1,200,0
539,1,7,0,0,7,9,1,200,0
540,1,7,0,0,7,10,1,200,0
541,1,7,0,0,7,11,1,200,0
542,1,7,0,0,7,12,1,200,0
543,1,7,0,0,7,13,1,200,0
544,1,7,0,0,7,14,1,200,0
545,1,7,0,0,7,15,1,200,0
546,1,7,0,0,7,16,1,200,0
547,1,7,0,0,7,17,1,200,0
548,1,7,0,0,7,18,1,200,0
549,1,7,0,0,7,19,1,200,0
550,1,7,0,0,7,20,1,200,0
551,1,7,0,0,7,21,1,200,0
552,1,7,0,0,7,22,1,200,0
553,1,7,0,0,7,23,1,200,0
554,1,7,0,0,7,24,1,200,0
555,1,7,0,0,7,25,1,200,0
556,1,7,0,0,7,26,1,200,0
557,1,7,0,0,7,27,1,200,0
558,1,7,0,0,7,28,1,200,0
559,1,7,0,0,7,29,1,200,0
560,1,7,0,0,7,30,1,200,0
561,1,7,0,0,7,31,1,200,0
562,1,7,0,0,7,32,1,200,0
563,1,7,0,0,7,33,1,200,0
564,1,7,0,0,7,34,1,200,0
565,1,7,0,0,7,35,1,200,0
566,1,7,0,0,7,36,1,200,0
567,1,7,0,0,7,37,1,200,0
568,1,7,0,0,7,38,1,200,0
569,1,7,0,0,7,39,1,200,0
570,1,7,0,0,7,40,1,200,0
571,1,7,0,0,7,41,1,200,0
572,1,7,0,0,7,42,1,200,0
573,1,7,0,0,7,43,1,200,0
574,1,7,0,0,7,44,1,200,0
575,1,7,0,0,7,45,1,200,0
576,1,7,0,0,7,46,1,200,0
577,1,7,0,0,7,47,1,200,0
578,1,7,0,0,7,48,1,200,0
579,1,7,0,0,7,49,1,200,0
580,1,7,0,0,7,50,1,200,0
581,1,7,0,0,7,51,1,200,0
582,1,7,0,0,7,52,1,200,0
583,1,7,0,0,7,53,1,200,0
584,1,7,0,0,7,54,1,200,0
585,1,7,0,0,7,55,1,200,0
586,1,7,0,0,7,56,1,200,0
587,1,7,0,0,7,57,1,200,0
588,1,7,0,0,7,58,1,200,0
589,1,7,0,0,7,59,1,200,0
590,1,7,0,0,7,60,1,200,0
591,1,7,0,0,7,61,1,200,0
592,1,7,0,0,7,62,1,200,0
593,1,7,0,0,7,63,1,200,0
594,1,7,0,0,7,64,1,200,0
595,1,7,0,0,7,65,1,200,0
596,1,7,0,0,7,66,1,200,0
597,1,7,0,0,7,67,1,200,0
598,1,7,0,0,7,68,1,200,0
599,1,7,0,0,7,69,1,200,0
600,1,7,0,0,7,70,1,200,0
601,1,7,0,0,7,71,1,200,0
602,1,7,0,0,7,72,1,200,0
603,1,7,0,0,7,73,1,200,0
604,1,7,0,0,7,74,1,200,0
605,1,7,0,0,7,75,1,200,0
606,1,7,0,0,7,76,1,200,0
607,1,7,0,0,7,77,1,200,0
608,1,7,0,0,7,78,1,200,0
609,1,7,0,0,7,79,1,200,0
610,1,7,0,0,7,80,1,200,0
611,1,7,0,0,7,81,1,200,0
612,1,7,0,0,7,82,1,200,0
613,1,7,0,0,7,83,1,200,0
614,1,7,0,0,7,84,1,200,0
615,1,7,0,0,7,85,1,200,0
616,1,7,0,0,7,86,1,200,0
617,1,7,0,0,7,87,1,200,0
618,1,7,0,0,7,88,1,200,0
619,1,7,0,0,7,89,1,200,0
620,1,7,0,0,7,90,1,200,0
621,1,7,0,0,7,91,1,200,0
622,1,7,0,0,7,92,1,200,0
623,1,7,0,0,7,93,1,200,0
624,1,7,0,0,7,94,1,200,0
625,1,7,0,0,7,95,1,200,0
626,1,7,0,0,7,96,1,200,0
627,1,7,0,0,7,97,1,200,0
628,1,7,0,0,7,98,1,200,0
629,1,7,0,0,7,99,1,200,0
630,1,7,0,0,7,100,1,200,0
631,1,7,0,0,7,101,1,200,0
632,1,7,0,0,7,102,1,200,0
633,1,7,0,0,7,103,1,200,0
634,1,7,0,0,7,104,1,200,0
635,1,7,0,0,7,105,1,200,0
636,1,7,0,0,7,106,1,200,0
637,1,7,0,0,7,107,1,200,0
638,1,7,0,0,7,108,1,200,0
639,1,7,0,0,7,109,1,200,0
640,1,7,0,0,7,110,1,200,0
641,1,7,0,0,7,111,1,200,0
642,1,7,0,0,7,112,1,200,0
643,1,7,0,0,7,113,1,200,0
644,1,7,0,0,7,114,1,200,0
645,1,7,0,0,7,115,1,200,0
646,1,7,0,0,7,116,1,200,0
647,1,7,0,0,7,117,1,200,0
648,1,7,0,0,7,118,1,200,0
649,1,7,0,0,7,119,1,200,0
650,1,7,0,0,7,120,1,200,0
651,1,7,0,0,7,121,1,200,0
652,1,7,0,0,7,122,1,200,0
653,1,7,0,0,7,123,1,200,0
654,1,7,0,0,7,124,1,200,0
655,1,7,0,0,7,125,1,200,0
656,1,7,0,0,7,126,1,200,0
657,1,7,0,0,7,127,1,200,0
658,1,7,0,0,7,128,1,200,0
659,1,7,0,0,7,129,1,200,0
660,1,7,0,0,7,130,1,200,0
661,1,7,0,0,7,131,1,200,0
662,1,7,0,0,7,132,1,200,0
663,1,7,0,0,7,133,1,200,0
664,1,7,0,0,7,134,1,200,0
665,1,7,0,0,7,135,1,200,0
666,1,7,0,0,7,136,1,200,0
667,1,7,0,0,7,137,1,200,0
668,1,7,0,0,7,138,1,200,0
669,1,7,0,0,7,139,1,200,0
670,1,7,0,0,7,140,1,200,0
671,1,7,0,0,7,141,1,200,0
672,1,7,0,0,7,142,1,200,0
673,1,7,0,0,7,143,1,200,0
674,1,7,0,0,7,144,1,200,0
675,1,7,0,0,7,145,1,200,0
676,1,7,0,0,7,146,1,200,0
677,1,7,0,0,7,147,1,200,0
678,1,7,0,0,7,148,1,200,0
679,1,7,0,0,7,149,1,200,0
680,1,7,0,0,7,150,1,200,0
681,1,7,0,0,7,151,1,200,0
682,1,7,0,0,7,152,1,200,0
683,1,7,0,0,7,153,1,200,0
684,1,7,0,0,7,154,1,200,0
685,1,7,0,0,7,155,1,200,0
686,1,7,0,0,7,156,1,200,0
687,1,7,0,0,7,157,1,200,0
688,1,7,0,0,7,158,1,200,0
689,1,7,0,0,7,159,1,200,0
690,1,7,0,0,7,160,1,200,0
691,1,7,0,0,7,161,1,200,0
692,1,7,0,0,7,162,1,200,0
693,1,7,0,0,7,163,1,200,0
694,1,7,0,0,7,164,1,200,0
695,1,7,0,0,7,165,1,200,0
696,1,7,0,0,7,166,1,200,0
697,1,7,0,0,7,167,1,200,0
698,1,7,0,0,7,168,1,200,0
699,1,7,0,0,7,169,1,200,0
700,1,7,0,0,7,170,1,200,0
701,1,7,0,0,7,171,1,200,0
702,1,7,0,0,7,172,1,200,0
703,1,7,0,0,7,173,1,200,0
704,1,7,0,0,7,174,1,200,0
705,1,7,0,0,7,175,1,200,0
706,1,7,0,0,7,176,1,200,0
707,1,7,0,0,7,177,1,200,0
708,1,7,0,0,7,178,1,200,0
709,1,7,0,0,7,179,1,200,0
710,1,7,0,0,7,180,1,200,0
711,1,7,0,0,7,181,1,200,0
712,1,7,0,0,7,182,1,200,0
713,1,7,0,0,7,183,1,200,0
714,1,7,0,0,7,184,1,200,0
715,1,7,0,0,7,185,1,200,0
716,1,7,0,0,7,186,1,200,0
717,1,7,0,0,7,187,1,200,0
718,1,7,0,0,7,188,1,200,0
719,1,7,0,0,7,189,1,200,0
720,1,7,0,0,7,190,1,200,0
721,1,7,0,0,7,191,1,200,0
722,1,7,0,0,7,192,1,200,0
723,1,7,0,0,7,193,1,200,0
724,1,7,0,0,7,194,1,200,0
725,1,7,0,0,7,195,1,200,0
726,1,7,0,0,7,196,1,200,0
727,1,7,0,0,7,197,1,200,0
728,1,7,0,0,7,198,1,200,0
729,1,7,0,0,7,199,1,200,0
730,1,7,0,0,7,200,1,200,0
731,1,7,0,0,7,201,1,200,0
732,1,7,0,0,7,202,1,200,0
733,1,7,0,0,7,203,1,200,0
734,1,7,0,0,7,204,1,200,0
735,1,7,0,0,7,205,1,200,0
736,1,7,0,0,7,206,1,200,0
737,1,7,0,0,7,207,1,200,0
738,1,7,0,0,7,208,1,200,0
739,1,7,0,0,7,209,1,200,0
740,1,7,0,0,7,210,1,200,0
741,1,7,0,0,7,211,1,200,0
742,1,7,0,0,7,212,1,200,0
743,1,7,0,0,7,213,1,200,0
744,1,7,0,0,7,214,1,200,0
745,1,7,0,0,7,215,1,200,0
746,1,7,0,0,7,216,1,200,0
747,1,7,0,0,7,217,1,200,0
748,1,7,0,0,7,218,1,200,0
749,1,7,0,0,7,219,1,200,0
750,1,7,0,0,7,220,1,200,0
751,1,7,0,0,7,221,1,200,0
752,1,7,0,0,7,222,1,200,0
753,1,7,0,0,7,223,1,200,0
754,1,7,0,0,7,224,1,200,0
755,1,7,0,0,7,225,1,200,0
756,1,7,0,0,7,226,1,200,0
757,1,7,0,0,7,227,1,200,0
758,1,7,0,0,7,228,1,200,0
759,1,7,0,0,7,229,1,200,0
760,1,7,0,0,7,230,1,200,0
761,1,7,0,0,7,231,1,200,0
762,1,7,0,0,7,232,1,200,0
763,1,7,0,0,7,233,1,200,0
764,1,7,0,0,7,234,1,200,0
765,1,7,0,0,7,235,1,200,0
766,1,7,0,0,7,236,1,200,0
767,1,7,0,0,7,237,1,200,0
768,1,7,0,0,7,238,1,200,0
769,1,7,0,0,7,239,1,200,0
770,1,7,0,0,7,240,1,200,0
771,1,7,0,0,7,241,1,200,0
772,1,7,0,0,7,242,1,200,0
773,1,7,0,0,7,243,1,200,0
774,1,7,0,0,7,244,1,200,0
775,1,7,0,0,7,245,1,200,0
776,1,7,0,0,7,246,1,200,0
777,1,7,0,0,7,247,1,200,0
778,1,7,0,0,7,248,1,200,0
779,1,7,0,0,7,249,1,200,0
780,1,7,0,0,7,250,1,200,0
781,1,7,0,0,7,251,1,200,0
782,1,7,0,0,7,252,1,200,0
783,1,7,0,0,7,253,1,200,0
784,1,7,0,0,7,254,1,200,0
785,1,7,0,0,7,255,1,200,1
786,1,7,0,0,7,255,1,200,2
787,1,7,0,0,7,255,1,200,3
788,1,7,0,0,7,255,1,200,4
789,1,7,0,0,7,255,1,200,5
790,1,7,0,0,7,255,1,200,6
791,1,7,0,0,7,255,1,200,7
792,1,7,0,0,7,255,1,200,8
793,1,7,0,0,7,255,1,200,9
794,1,7,0,0,7,255,1,200,10
795,1,7,0,0,7,255,1,200,11
796,1,7,0,0,7,255,1,200,12
797,1,7,0,0,7,255,1,200,13
798,1,7,0,0,7,255,1,200,14
799,1,7,0,0,7,255,1,200,15
800,1,7,0,0,7,255,1,200,16
801,1,7,0,0,7,255,1,200,17
802,1,7,0,0,7,255,1,200,18
803,1,7,0,0,7,255,1,200,19
804,1,7,0,0,7,255,1,200,20
805,1,7,0,0,7,255,1,200,21
806,1,7,0,0,7,255,1,200,22
807,1,7,0,0,7,255,1,200,23
808,1,7,0,0,7,255,1,200,24
809,1,7,0,0,7,255,1,200,25
810,1,7,0,0,7,255,1,200,26
811,1,7,0,0,7,255,1,200,27
812,1,7,0,0,7,255,1,200,28
813,1,7,0,0,7,255,1,200,29
814,1,7,0,0,7,255,1,200,30
815,1,7,0,0,7,255,1,200,31
816,1,7,0,0,7,255,1,200,32
817,1,7,0,0,7,255,1,200,33
818,1,7,0,0,7,255,1,200,34
819,1,7,0,0,7,255,1,200,35
820,1,7,0,0,7,255,1,200,36
821,1,7,0,0,7,255,1,200,37
822,1,7,0,0,7,255,1,200,38
823,1,7,0,0,7,255,1,200,39
824,1,7,0,0,7,255,1,200,40
825,1,7,0,0,7,255,1,200,41
826,1,7,0,0,7,255,1,200,42
827,1,7,0,0,7,255,1,200,43
828,1,7,0,0,7,255,1,200,44
829,1,7,0,0,7,255,1,200,45
830,0,0,1,1,7,255,0,200,45
831,0,0,1,0,7,0,0,200,45
832,0,0,1,0,7,0,0,200,45
833,0,0,1,0,7,0,0,200,45
834,0,0,1,0,7,0,0,200,45
835,0,0,1,0,7,0,0,200,45
836,0,0,1,0,7,0,0,200,45
837,0,0,1,0,7,0,0,200,45
838,0,0,1,0,7,0,0,200,45
839,0,0,1,0,7,0,0,200,45
840,0,0,1,0,7,0,0,200,45
841,0,0,1,0,7,0,0,200,45
842,0,0,1,0,7,0,0,200,45
843,0,0,1,0,7,0,0,200,45
844,0,0,1,0,7,0,0,200,45
845,0,0,1,0,7,0,0,200,45
846,0,0,1,0,7,0,0,200,45
847,0,0,1,0,7,0,0,200,45
848,0,0,1,0,7,0,0,200,45
849,0,0,1,0,7,0,0,200,45
850,0,0,1,0,7,0,0,200,45
851,0,0,1,0,7,0,0,200,45
852,0,0,1,0,7,0,0,200,45
853,0,0,1,0,7,0,0,200,45
854,0,0,1,0,7,0,0,200,45
855,0,0,1,0,7,0,0,200,45
856,0,0,1,0,7,0,0,200,45
857,0,0,1,0,7,0,0,200,45
858,0,0,1,0,7,0,0,200,45
859,0,0,1,0,7,0,0,200,45
860,0,0,1,0,7,0,0,200,45
861,0,0,1,0,7,0,0,200,45
862,0,0,1,0,7,0,0,200,45
863,0,0,1,0,7,0,0,200,45
864,0,0,1,0,7,0,0,200,45
865,0,0,1,0,7,0,0,200,45
866,0,0,1,0,7,0,0,200,45
867,0,0,1,0,7,0,0,200,45
868,0,0,1,0,7,0,0,200,45
869,0,0,1,0,7,0,0,200,45
870,0,0,1,0,7,0,0,200,45
871,0,0,1,0,7,0,0,200,45
872,0,0,1,0,7,0,0,200,45
873,0,0,1,0,7,0,0,200,45
874,0,0,1,0,7,0,0,200,45
875,0,0,1,0,7,0,0,200,45
876,0,0,1,0,7,0,0,200,45
877,0,0,1,0,7,0,0,200,45
878,0,0,1,0,7,0,0,200,45
879,0,0,1,0,7,0,0,200,45
880,0,0,1,0,7,0,0,200,45
881,0,0,1,0,7,0,0,200,45
882,0,0,1,0,7,0,0,200,45
883,0,0,1,0,7,0,0,200,45
884,0,0,1,0,7,0,0,200,45
885,0,0,1,0,7,0,0,200,45
886,0,0,1,0,7,0,0,200,45
887,0,0,1,0,7,0,0,200,45
888,0,0,1,0,7,0,0,200,45
889,0,0,1,0,7,0,0,200,45
890,0,0,1,0,7,0,0,200,45
891,0,0,1,0,7,0,0,200,45
892,0,0,1,0,7,0,0,200,45
893,0,0,1,0,7,0,0,200,45
894,0,0,1,0,7,0,0,200,45
895,0,0,1,0,7,0,0,200,45
896,0,0,1,0,7,0,0,200,45
897,0,0,1,0,7,0,0,200,45
898,0,0,1,0,7,0,0,200,45
899,0,0,1,0,7,0,0,200,45
900,0,0,1,0,7,0,0,200,45
901,0,0,1,0,7,0,0,200,45
902,0,0,1,0,7,0,0,200,45
903,0,0,1,0,7,0,0,200,45
904,0,0,1,0,7,0,0,200,45
905,0,0,1,0,7,0,0,200,45
906,0,0,1,0,7,0,0,200,45
907,0,0,1,0,7,0,0,200,45
908,0,0,1,0,7,0,0,200,45
909,0,0,1,0,7,0,0,200,45
910,0,0,1,0,7,0,0,200,45
911,0,0,1,0,7,0,0,200,45
912,0,0,1,0,7,0,0,200,45
913,0,0,1,0,7,0,0,200,45
914,0,0,1,0,7,0,0,200,45
915,0,0,1,0,7,0,0,200,45
916,0,0,1,0,7,0,0,200,45
917,0,0,1,0,7,0,0,200,45
918,0,0,1,0,7,0,0,200,45
919,0,0,1,0,7,0,0,200,45
920,0,0,1,0,7,0,0,200,45
921,0,0,1,0,7,0,0,200,45
922,0,0,1,0,7,0,0,200,45
923,0,0,1,0,7,0,0,200,45
924,0,0,1,0,7,0,0,200,45
925,0,0,1,0,7,0,0,200,45
926,0,0,1,0,7,0,0,200,45
927,0,0,1,0,7,0,0,200,45
928,0,0,1,0,7,0,0,200,45
929,0,0,1,0,7,0,0,200,45
930,0,0,1,0,7,0,0,200,45
931,0,0,1,0,7,0,0,200,45
932,0,0,1,0,7,0,0,200,45
933,0,0,1,0,7,0,0,200,45
934,0,0,1,0,7,0,0,200,45
935,0,0,1,0,7,0,0,200,45
936,0,0,1,0,7,0,0,200,45
937,0,0,1,0,7,0,0,200,45
938,0,0,1,0,7,0,0,200,45
939,0,0,1,0,7,0,0,200,45
940,0,0,1,0,7,0,0,200,45
941,0,0,1,0,7,0,0,200,45
942,0,0,1,0,7,0,0,200,45
943,0,0,1,0,7,0,0,200,45
944,0,0,1,0,7,0,0,200,45
945,0,0,1,0,7,0,0,200,45
946,0,0,1,0,7,0,0,200,45
947,0,0,1,0,7,0,0,200,45
948,0,0,1,0,7,0,0,200,45
949,0,0,1,0,7,0,0,200,45
950,0,0,1,0,7,0,0,200,45
951,0,0,1,0,7,0,0,200,45
952,0,0,1,0,7,0,0,200,45
953,0,0,1,0,7,0,0,200,45
954,0,0,1,0,7,0,0,200,45
955,0,0,1,0,7,0,0,200,45
956,0,0,1,0,7,0,0,200,45
957,0,0,1,0,7,0,0,200,45
958,0,0,1,0,7,0,0,200,45
959,0,0,1,0,7,0,0,200,45
960,0,0,1,0,7,0,0,200,45
961,0,0,1,0,7,0,0,200,45
962,0,0,1,0,7,0,0,200,45
963,0,0,1,0,7,0,0,200,45
964,0,0,1,0,7,0,0,200,45
965,0,0,1,0,7,0,0,200,45
966,0,0,1,0,7,0,0,200,45
967,0,0,1,0,7,0,0,200,45
968,0,0,1,0,7,0,0,200,45
969,0,0,1,0,7,0,0,200,45
970,0,0,1,0,7,0,0,200,45
971,0,0,1,0,7,0,0,200,45
972,0,0,1,0,7,0,0,200,45
973,0,0,1,0,7,0,0,200,45
974,0,0,1,0,7,0,0,200,45
975,0,0,1,0,7,0,0,200,45
976,0,0,1,0,7,0,0,200,45
977,0,0,1,0,7,0,0,200,45
978,0,0,1,0,7,0,0,200,45
979,0,0,1,0,7,0,0,200,45
980,0,0,1,0,7,0,0,200,45
981,0,0,1,0,7,0,0,200,45
982,0,0,1,0,7,0,0,200,45
983,0,0,1,0,7,0,0,200,45
984,0,0,1,0,7,0,0,200,45
985,0,0,1,0,7,0,0,200,45
986,0,0,1,0,7,0,0,200,45
987,0,0,1,0,7,0,0,200,45
988,0,0,1,0,7,0,0,200,45
989,0,0,1,0,7,0,0,200,45
990,0,0,1,0,7,0,0,200,45
991,0,0,1,0,7,0,0,200,45
992,0,0,1,0,7,0,0,200,45
993,0,0,1,0,7,0,0,200,45
994,0,0,1,0,7,0,0,200,45
995,0,0,1,0,7,0,0,200,45
996,0,0,1,0,7,0,0,200,45
997,0,0,1,0,7,0,0,200,45
998,0,0,1,0,7,0,0,200,45
999,0,0,1,0,7,0,0,200,45
1000,0,0,1,0,7,0,0,200,45
1001,0,0,1,0,7,0,0,200,45
1002,0,0,1,0,7,0,0,200,45
1003,0,0,1,0,7,0,0,200,45
1004,0,0,1,0,7,0,0,200,45
1005,0,0,1,0,7,0,0,200,45
1006,0,0,1,0,7,0,0,200,45
1007,0,0,1,0,7,0,0,200,45
1008,0,0,1,0,7,0,0,200,45
1009,0,0,1,0,7,0,0,200,45
1010,0,0,1,0,7,0,0,200,45
1011,0,0,1,0,7,0,0,200,45
1012,0,0,1,0,7,0,0,200,45
1013,0,0,1,0,7,0,0,200,45
1014,0,0,1,0,7,0,0,200,45
1015,0,0,1,0,7,0,0,200,45
1016,0,0,1,0,7,0,0,200,45
1017,0,0,1,0,7,0,0,200,45
1018,0,0,1,0,7,0,0,200,45
1019,0,0,1,0,7,0,0,200,45
1020,0,0,1,0,7,0,0,200,45
1021,0,0,1,0,7,0,0,200,45
1022,0,0,1,0,7,0,0,200,45
1023,0,0,1,0,7,0,0,200,45
1024,0,0,1,0,7,0,0,200,45
1025,0,0,1,0,7,0,0,200,45
1026,0,0,1,0,7,0,0,200,45
1027,0,0,1,0,7,0,0,200,45
1028,0,0,1,0,7,0,0,200,45
1029,0,0,1,0,7,0,0,200,45
1030,0,0,1,0,7,0,0,200,45
1031,0,0,1,0,7,0,0,200,45
1032,0,0,1,0,7,0,0,200,45
1033,0,0,1,0,7,0,0,200,45
1034,0,0,1,0,7,0,0,200,45
1035,0,0,1,0,7,0,0,200,45
1036,0,0,1,0,7,0,0,200,45
1037,0,0,1,0,7,0,0,200,45
1038,0,0,1,0,7,0,0,200,45
1039,0,0,1,0,7,0,0,200,45
1040,0,0,1,0,7,0,0,200,45
1041,0,0,1,0,7,0,0,200,45
1042,0,0,1,0,7,0,0,200,45
1043,0,0,1,0,7,0,0,200,45
1044,0,0,1,0,7,0,0,200,45
1045,0,0,1,0,7,0,0,200,45
1046,0,0,1,0,7,0,0,200,45
1047,0,0,1,0,7,0,0,200,45
1048,0,0,1,0,7,0,0,200,45
1049,0,0,1,0,7,0,0,200,45
1050,0,0,1,0,7,0,0,200,45
1051,0,0,1,0,7,0,0,200,45
1052,0,0,1,0,7,0,0,200,45
1053,0,0,1,0,7,0,0,200,45
1054,0,0,1,0,7,0,0,200,45
1055,0,0,1,0,7,0,0,200,45
1056,0,0,1,0,7,0,0,200,45
1057,0,0,1,0,7,0,0,200,45
1058,0,0,1,0,7,0,0,200,45
1059,0,0,1,0,7,0,0,200,45
1060,0,0,1,0,7,0,0,200,45
1061,0,0,1,0,7,0,0,200,45
1062,0,0,1,0,7,0,0,200,45
1063,0,0,1,0,7,0,0,200,45
1064,0,0,1,0,7,0,0,200,45
1065,0,0,1,0,7,0,0,200,45
1066,0,0,1,0,7,0,0,200,45
1067,0,0,1,0,7,0,0,200,45
1068,0,0,1,0,7,0,0,200,45
1069,0,0,1,0,7,0,0,200,45
1070,0,0,1,0,7,0,0,200,45
1071,0,0,1,0,7,0,0,200,45
1072,0,0,1,0,7,0,0,200,45
1073,0,0,1,0,7,0,0,200,45
1074,0,0,1,0,7,0,0,200,45
1075,0,0,1,0,7,0,0,200,45
1076,0,0,1,0,7,0,0,200,45
1077,0,0,1,0,7,0,0,200,45
1078,0,0,1,0,7,0,0,200,45
1079,0,0,1,0,7,0,0,200,45
1080,0,0,1,0,7,0,0,200,45
1081,0,0,1,0,7,0,0,200,45
1082,0,0,1,0,7,0,0,200,45
1083,0,0,1,0,7,0,0,200,45
1084,0,0,1,0,7,0,0,200,45
1085,0,0,1,0,7,0,0,200,45
1086,0,0,1,0,7,0,0,200,45
1087,0,0,1,0,7,0,0,200,45
1088,0,0,1,0,7,0,0,200,45
1089,0,0,1,0,7,0,0,200,45
1090,0,0,1,0,7,0,0,200,45
1091,0,0,1,0,7,0,0,200,45
1092,0,0,1,0,7,0,0,200,45
1093,0,0,1,0,7,0,0,200,45
1094,0,0,1,0,7,0,0,200,45
1095,0,0,1,0,7,0,0,200,45
1096,0,0,1,0,7,0,0,200,45
1097,0,0,1,0,7,0,0,200,45
1098,0,0,1,0,7,0,0,200,45
1099,0,0,1,0,7,0,0,200,45
1100,0,0,1,0,7,0,0,200,45
1101,0,0,1,0,7,0,0,200,45
1102,0,0,1,0,7,0,0,200,45
1103,0,0,1,0,7,0,0,200,45
1104,0,0,1,0,7,0,0,200,45
1105,0,0,1,0,7,0,0,200,45
1106,0,0,1,0,7,0,0,200,45
1107,0,0,1,0,7,0,0,200,45
1108,0,0,1,0,7,0,0,200,45
1109,0,0,1,0,7,0,0,200,45
1110,0,0,1,0,7,0,0,200,45
1111,0,0,1,0,7,0,0,200,45
1112,0,0,1,0,7,0,0,200,45
1113,0,0,1,0,7,0,0,200,45
1114,0,0,1,0,7,0,0,200,45
1115,0,0,1,0,7,0,0,200,45
1116,0,0,1,0,7,0,0,200,45
1117,0,0,1,0,7,0,0,200,45
1118,0,0,1,0,7,0,0,200,45
1119,0,0,1,0,7,0,0,200,45
1120,0,0,1,0,7,0,0,200,45
1121,0,0,1,0,7,0,0,200,45
1122,0,0,1,0,7,0,0,200,45
1123,0,0,1,0,7,0,0,200,45
1124,0,0,1,0,7,0,0,200,45
1125,0,0,1,0,7,0,0,200,45
1126,0,0,1,0,7,0,0,200,45
1127,0,0,1,0,7,0,0,200,45
1128,0,0,1,0,7,0,0,200,45
1129,0,0,1,0,7,0,0,200,45
1130,0,0,1,0,7,0,0,200,45
1131,0,0,1,0,7,0,0,200,45
1132,0,0,1,0,7,0,0,200,45
1133,0,0,1,0,7,0,0,200,45
1134,0,0,1,0,7,0,0,200,45
1135,0,0,1,0,7,0,0,200,45
1136,0,0,1,0,7,0,0,200,45
1137,0,0,1,0,7,0,0,200,45
1138,0,0,1,0,7,0,0,200,45
1139,0,0,1,0,7,0,0,200,45
1140,0,0,1,0,7,0,0,200,45
1141,0,0,1,0,7,0,0,200,45
1142,0,0,1,0,7,0,0,200,45
1143,0,0,1,0,7,0,0,200,45
1144,0,0,1,0,7,0,0,200,45
1145,0,0,1,0,7,0,0,200,45
1146,0,0,1,0,7,0,0,200,45
1147,0,0,1,0,7,0,0,200,45
1148,0,0,1,0,7,0,0,200,45
1149,0,0,1,0,7,0,0,200,45
1150,0,0,1,0,7,0,0,200,45
1151,0,0,1,0,7,0,0,200,45
1152,0,0,1,0,7,0,0,200,45
1153,0,0,1,0,7,0,0,200,45
1154,0,0,1,0,7,0,0,200,45
1155,0,0,1,0,7,0,0,200,45
1156,0,0,1,0,7,0,0,200,45
1157,0,0,1,0,7,0,0,200,45
1158,0,0,1,0,7,0,0,200,45
1159,0,0,1,0,7,0,0,200,45
1160,0,0,1,0,7,0,0,200,45
1161,0,0,1,0,7,0,0,200,45
1162,0,0,1,0,7,0,0,200,45
1163,0,0,1,0,7,0,0,200,45
1164,0,0,1,0,7,0,0,200,45
1165,0,0,1,0,7,0,0,200,45
1166,0,0,1,0,7,0,0,200,45
1167,0,0,1,0,7,0,0,200,45
1168,0,0,1,0,7,0,0,200,45
1169,0,0,1,0,7,0,0,200,45
1170,0,0,1,0,7,0,0,200,45
1171,0,0,1,0,7,0,0,200,45
1172,0,0,1,0,7,0,0,200,45
1173,0,0,1,0,7,0,0,200,45
1174,0,0,1,0,7,0,0,200,45
1175,0,0,1,0,7,0,0,200,45
1176,0,0,1,0,7,0,0,200,45
1177,0,0,1,0,7,0,0,200,45
1178,0,0,1,0,7,0,0,200,45
1179,0,0,1,0,7,0,0,200,45
1180,0,0,1,0,7,0,0,200,45
1181,0,0,1,0,7,0,0,200,45
1182,0,0,1,0,7,0,0,200,45
1183,0,0,1,0,7,0,0,200,45
1184,0,0,1,0,7,0,0,200,45
1185,0,0,1,0,7,0,0,200,45
1186,0,0,1,0,7,0,0,200,45
1187,0,0,1,0,7,0,0,200,45
1188,0,0,1,0,7,0,0,200,45
1189,0,0,1,0,7,0,0,200,45
